Insert into BOOK.BOOK_INFO (TITLE,PRICE,AUTHOR,PUBLISHER,TYPE,ISBN,CATEGORY) values ('test5',27000,'testee','testee','real','1111111111115','000');
Insert into BOOK.BOOK_INFO (TITLE,PRICE,AUTHOR,PUBLISHER,TYPE,ISBN,CATEGORY) values ('test6',13000,'test6','test6','used','1111111111116','111');
Insert into BOOK.BOOK_INFO (TITLE,PRICE,AUTHOR,PUBLISHER,TYPE,ISBN,CATEGORY) values ('test1',10000,'tauthor','tpublisher','real','1111111111111','000');
Insert into BOOK.BOOK_INFO (TITLE,PRICE,AUTHOR,PUBLISHER,TYPE,ISBN,CATEGORY) values ('test2',40000,'tauthor1','tpublisher1','real','1111111111112','000');
Insert into BOOK.BOOK_INFO (TITLE,PRICE,AUTHOR,PUBLISHER,TYPE,ISBN,CATEGORY) values ('test3',20000,'tauthor2','tpublisher2','real','1111111111113','000');
Insert into BOOK.BOOK_INFO (TITLE,PRICE,AUTHOR,PUBLISHER,TYPE,ISBN,CATEGORY) values ('test4',17000,'testee','testee','real','1111111111114','000');
Insert into BOOK.BOOK_INFO (TITLE,PRICE,AUTHOR,PUBLISHER,TYPE,ISBN,CATEGORY) values ('test4',18000,'testee','testee','ebook','1111111111117','000');
Insert into BOOK.BOOK_INFO (TITLE,PRICE,AUTHOR,PUBLISHER,TYPE,ISBN,CATEGORY) values ('test4',19000,'testee','testee','ebook','1111111111118','000');
Insert into BOOK.BOOK_INFO (TITLE,PRICE,AUTHOR,PUBLISHER,TYPE,ISBN,CATEGORY) values ('test4',21000,'testee','testee','ebook','1111111111119','000');
Insert into BOOK.BOOK_INFO (TITLE,PRICE,AUTHOR,PUBLISHER,TYPE,ISBN,CATEGORY) values ('test4',22000,'testee','testee','ebook','1111111111120','000');
Insert into BOOK.BOOK_INFO (TITLE,PRICE,AUTHOR,PUBLISHER,TYPE,ISBN,CATEGORY) values ('test4',23000,'testee','testee','ebook','1111111111121','000');
REM INSERTING into BOOK.BRANCH_INFO
SET DEFINE OFF;
select * from branch_info;
Insert into BOOK.BRANCH_INFO (NAME,ADDRESS1,ADDRESS2,PHONE,MASTER,SALES,TIME) values ('서울','서울특별시','강남','0316778989','이문열',100,'10:00 ~ 22:00');
Insert into BOOK.BRANCH_INFO (NAME,ADDRESS1,ADDRESS2,PHONE,MASTER,SALES,TIME) values ('판교','경기도','판교','0316778989','이영훈',100,'9:00 ~ 21:00');
Insert into BOOK.BRANCH_INFO (NAME,ADDRESS1,ADDRESS2,PHONE,MASTER,SALES,TIME) values ('파주','경기도','파주','0316778989','박혜신',100,'9:00 ~ 21:00');
Insert into BOOK.BRANCH_INFO (NAME,ADDRESS1,ADDRESS2,PHONE,MASTER,SALES,TIME) values ('용인','경기도','용인','0316778989','이원섭',100,'9:00 ~ 21:00');
Insert into BOOK.BRANCH_INFO (NAME,ADDRESS1,ADDRESS2,PHONE,MASTER,SALES,TIME) values ('수원','경기도','수원','0316778989','최수진',100,'9:00 ~ 21:00');
Insert into BOOK.BRANCH_INFO (NAME,ADDRESS1,ADDRESS2,PHONE,MASTER,SALES,TIME) values ('강원','강원도','원주','0316778989','최수진',100,'9:00 ~ 22:00');
REM INSERTING into BOOK.CUSTOMER
SET DEFINE OFF;
REM INSERTING into BOOK.CUSTOMERCLASS
SET DEFINE OFF;
REM INSERTING into BOOK.EBOOK_DISTLIST
SET DEFINE OFF;
Insert into BOOK.EBOOK_DISTLIST (ISBN,TITLE,ONO) values (1111111111122,'test1','7');
Insert into BOOK.EBOOK_DISTLIST (ISBN,TITLE,ONO) values (1111111111122,'test1','4');
Insert into BOOK.EBOOK_DISTLIST (ISBN,TITLE,ONO) values (1111111111122,'test1','5');
Insert into BOOK.EBOOK_DISTLIST (ISBN,TITLE,ONO) values (1111111111133,'test1','7');
Insert into BOOK.EBOOK_DISTLIST (ISBN,TITLE,ONO) values (111111111112,'test1','5');
Insert into BOOK.EBOOK_DISTLIST (ISBN,TITLE,ONO) values (111111111113,'test1','5');
Insert into BOOK.EBOOK_DISTLIST (ISBN,TITLE,ONO) values (111111111114,'test1','5');
Insert into BOOK.EBOOK_DISTLIST (ISBN,TITLE,ONO) values (111111111115,'test1','5');
Insert into BOOK.EBOOK_DISTLIST (ISBN,TITLE,ONO) values (111111111116,'test1','4');
Insert into BOOK.EBOOK_DISTLIST (ISBN,TITLE,ONO) values (111111111117,'test1','5');
REM INSERTING into BOOK.EBOOK_EXTENDREQLIST
SET DEFINE OFF;
REM INSERTING into BOOK.EBOOK_ORGAN
SET DEFINE OFF;
Insert into BOOK.EBOOK_ORGAN (ONO,OPWD,ONAME,DEADLINE,TYPE) values (4,'aaaa','aaaa','2018-06-20','company');
Insert into BOOK.EBOOK_ORGAN (ONO,OPWD,ONAME,DEADLINE,TYPE) values (5,'bbbb','bbbb','2017-12-31','library');
Insert into BOOK.EBOOK_ORGAN (ONO,OPWD,ONAME,DEADLINE,TYPE) values (6,'cccc','cccc','2017-04-20','school');
Insert into BOOK.EBOOK_ORGAN (ONO,OPWD,ONAME,DEADLINE,TYPE) values (7,'1234','testCompany','2017-04-20','Company');
REM INSERTING into BOOK.EBOOK_REQLIST
SET DEFINE OFF;
REM INSERTING into BOOK.EMPLOYEE
SET DEFINE OFF;
Insert into BOOK.EMPLOYEE (EMPNO,PWD,NAME,EMPCLASS,ADDRESS1,ADDRESS2,PHONE,GENDER,BIRTH,BRANCH) values (seq_empno_PLATINUM.nextVal ,'aaaa','MASTER','ROLE_PLATINUM','aaaa','aaaa','00000000','F','111111','서울');
Insert into BOOK.EMPLOYEE (EMPNO,PWD,NAME,EMPCLASS,ADDRESS1,ADDRESS2,PHONE,GENDER,BIRTH,BRANCH) values (seq_empno_gold.nextVal ,'aaaa','MANAGER','ROLE_GOLD','aaaa','aaaa','00000000','M','111111','강원');
REM INSERTING into BOOK.EMPLOYEECLASS
SET DEFINE OFF;
REM INSERTING into BOOK.INVENTORY
SET DEFINE OFF;
Insert into BOOK.INVENTORY (ISBN,TITLE,AUTHOR,QUANTITY,BRANCH) values ('1111111111111','test1','작가',101,'서울');
Insert into BOOK.INVENTORY (ISBN,TITLE,AUTHOR,QUANTITY,BRANCH) values ('1111111111112','test2','작가',6,'서울');
Insert into BOOK.INVENTORY (ISBN,TITLE,AUTHOR,QUANTITY,BRANCH) values ('1111111111113','test3','작가',11,'서울');
Insert into BOOK.INVENTORY (ISBN,TITLE,AUTHOR,QUANTITY,BRANCH) values ('1111111111114','test4','작가',1,'서울');
Insert into BOOK.INVENTORY (ISBN,TITLE,AUTHOR,QUANTITY,BRANCH) values ('1111111111115','test5','작가',13,'서울');
Insert into BOOK.INVENTORY (ISBN,TITLE,AUTHOR,QUANTITY,BRANCH) values ('1111111111116','test7','작가',1,'서울');
Insert into BOOK.INVENTORY (ISBN,TITLE,AUTHOR,QUANTITY,BRANCH) values ('1111111111117','test8','작가',1,'서울');
Insert into BOOK.INVENTORY (ISBN,TITLE,AUTHOR,QUANTITY,BRANCH) values ('1111111111118','test9','작가',1,'서울');
REM INSERTING into BOOK.ORDERLIST
SET DEFINE OFF;
Insert into BOOK.ORDERLIST (TITLE,PUBLISHER,QUANTITY,BRANCH,COST,O_DATE,ISBN,ORDERNUMBER) values ('test1','tpublisher',1,'부산',10000,'20170519','1111111111111',12);
REM INSERTING into BOOK.SALARY
SET DEFINE OFF;
REM INSERTING into BOOK.SALELIST
SET DEFINE OFF;
Insert into BOOK.SALELIST (ISBN,TITLE,ID,DPRICE,BRANCHNAME,QUANTITY,S_DATE,SALENUMBER) values ('1111111111111','title4','aaaa',8000,'서울',7,'2017-05-18',1);
Insert into BOOK.SALELIST (ISBN,TITLE,ID,DPRICE,BRANCHNAME,QUANTITY,S_DATE,SALENUMBER) values ('1111111111112','title6','aaaa',13000,'서울',5,'2017-05-18',2);
Insert into BOOK.SALELIST (ISBN,TITLE,ID,DPRICE,BRANCHNAME,QUANTITY,S_DATE,SALENUMBER) values ('1111111111113','title6','bbbb',13000,'서울',2,'2017-05-18',4);
Insert into BOOK.SALELIST (ISBN,TITLE,ID,DPRICE,BRANCHNAME,QUANTITY,S_DATE,SALENUMBER) values ('1111111111114','title2','aaaa',6000,'서울',7,'2017-05-18',5);
Insert into BOOK.SALELIST (ISBN,TITLE,ID,DPRICE,BRANCHNAME,QUANTITY,S_DATE,SALENUMBER) values ('1111111111115','title2','cccc',11000,'부산',3,'2017-05-19',6);
Insert into BOOK.SALELIST (ISBN,TITLE,ID,DPRICE,BRANCHNAME,QUANTITY,S_DATE,SALENUMBER) values ('1111111111116','title3','cccc',11500,'부산',2,'2017-05-19',7);
Insert into BOOK.SALELIST (ISBN,TITLE,ID,DPRICE,BRANCHNAME,QUANTITY,S_DATE,SALENUMBER) values ('1111111111117','title6','ddd',13000,'부산',6,'2017-05-18',8);
SELECT * FROM INVENTORY;
SELECT * FROM book_info;
SELECT * FROM employee;
commit;